Red#0, 2.1604482662704334, 2.1085265715196893, 1.966424200941592, 1.7546352250473443, 1.4936537143481503, 1.203973739355212, 0.9060893705797322, 0.6204946785329144, 0.36768373372596164, 0.16815060667007656, 0.04238936787646241, 0.0, 0.0, 0.0, 0.0, 0.0, 0.0, 0.0, 0.0, 0.0, 0.0, 0.0, 0.0, 0.0, 0.0, 0.0, 0.0, 0.0, 0.0, 0.0, 0.0, 0.0, 0.0, 0.0, 0.0, 0.0, 0.0, 0.0, 0.0, 0.0, 0.0, 0.0, 0.0, 0.0, 0.0, 0.0, 0.0, 0.0, 0.0, 0.0, 0.0, 0.0, 0.0, 0.0, 0.0, 0.0, 0.0, 0.0, 0.0, 0.0, 0.0, 0.0, 0.0, 0.0, 0.0, 0.0, 0.0, 0.0, 0.0, 0.0, 0.0, 0.0, 0.0, 0.0, 0.0, 0.0, 0.0, 0.0, 0.0, 0.0, 0.0, 0.0, 0.0, 0.0, 0.0, 0.0, 0.0, 0.0, 0.0, 0.0, 0.0
Green#0, 2.082565337785184, 2.0390195809772824, 1.9190053266126408, 1.7384570987798538, 1.5133094215675165, 1.259496819064223, 0.9929538153585686, 0.7296149345391479, 0.4854147006945553, 0.2762876379133858, 0.118168270284234, 0.026991121895694702, 0.0, 0.0, 0.0, 0.0, 0.0, 0.0, 0.0, 0.0, 0.0, 0.0, 0.0, 0.0, 0.0, 0.0, 0.0, 0.0, 0.0, 0.0, 0.0, 0.0, 0.0, 0.0, 0.0, 0.0, 0.0, 0.0, 0.0, 0.0, 0.0, 0.0, 0.0, 0.0, 0.0, 0.0, 0.0, 0.0, 0.0, 0.0, 0.0, 0.0, 0.0, 0.0, 0.0, 0.0, 0.0, 0.0, 0.0, 0.0, 0.0, 0.0, 0.0, 0.0, 0.0, 0.0, 0.0, 0.0, 0.0, 0.0, 0.0, 0.0, 0.0, 0.0, 0.0, 0.0, 0.0, 0.0, 0.0, 0.0, 0.0, 0.0, 0.0, 0.0, 0.0, 0.0, 0.0, 0.0, 0.0, 0.0, 0.0
Blue#0, 2.389963023456679, 2.2591796703904428, 1.975346271451108, 1.7012378170277322, 1.518375960823657, 1.3704983572193488, 1.2080832359373013, 1.037816443522472, 0.8663838265198195, 0.7004712314743016, 0.5467645049308762, 0.4119494934345014, 0.30271204353013503, 0.22573800176273512, 0.17165857329433284, 0.12797235033419327, 0.09666625999812505, 0.07972722940193684, 0.07435308239016833, 0.07282229632269961, 0.07124151536406968, 0.06961409929568885, 0.06794340789896736, 0.06623280095531549, 0.06448563824614352, 0.06270527955286173, 0.060895084656880406, 0.05905841333960982, 0.057198625382460226, 0.05531908056684192, 0.05342313867416519, 0.05151415948584028, 0.04959550278327747, 0.047670528347887084, 0.045742595961079345, 0.04381506540426456, 0.041891296458852985, 0.03997464890625491, 0.0380684825278806, 0.03617615710514035, 0.03430103241944441, 0.032446468252203084, 0.03061582438482662, 0.028812460598725314, 0.027039736675309445, 0.025301012395989274, 0.023599647542175087, 0.02193900189527716, 0.020322435236705766, 0.01875330734787118, 0.01723497801018368, 0.015770807005053546, 0.014364154113891055, 0.013018379118106474, 0.011736841799110085, 0.010522901938312169, 0.009379919317122993, 0.008311253716952842, 0.007320264919211984, 0.006410312705310703, 0.005584756856659271, 0.004846957154667962, 0.00420027338074706, 0.003648065316306834, 0.003193692742757563, 0.0028357754702947107, 0.0025317561965854714, 0.002242055629713186, 0.001967244012842251, 0.0017078915891370647, 0.0014645686017620238, 0.0012378452938815259, 0.0010282919086599676, 8.364786892617466E-4, 6.6297587885126E-4, 5.083537205929048E-4, 3.731824576510783E-4, 2.580323331901779E-4, 1.6347359037460066E-4, 9.00764723687437E-5, 3.8411222337004394E-5, 9.048083443779856E-6, 0.0, 0.0, 0.0, 0.0, 0.0, 0.0, 0.0, 0.0, 0.0
Red#1, 1.3610693667990001, 1.092621682574605, 0.5939425564213681, 0.32502787811921535, 0.3242155589188249, 0.3231831620496062, 0.32193605525957947, 0.320479606296765, 0.3188191829091828, 0.3169601528448531, 0.31490788385179624, 0.31266774367803235, 0.3102451000715815, 0.3076453207804642, 0.3048737735527003, 0.3019358261363103, 0.2988368462793143, 0.2955822017297324, 0.2921772602355848, 0.28862738954489187, 0.28493795740567357, 0.2811143315659504, 0.2771618797737423, 0.2730859697770696, 0.2688919693239525, 0.26458524616241114, 0.26017116804046586, 0.25565510270613667, 0.2510424179074438, 0.24633848139240766, 0.24154866090904825, 0.23667832420538584, 0.2317328390294406, 0.22671757312923266, 0.2216378942527824, 0.2164991701481099, 0.21130676856323538, 0.2060660572461791, 0.20078240394496114, 0.19546117640760186, 0.19010774238212133, 0.18472746961653977, 0.17932572585887743, 0.1739078788571545, 0.16847929635939113, 0.16304534611360758, 0.157611395867824, 0.15218281337006068, 0.14676496636833772, 0.14136322261067538, 0.13598294984509382, 0.1306295158196133, 0.12530828828225396, 0.12002463498103606, 0.11478392366397976, 0.10959152207910523, 0.10445279797443274, 0.09937311909798244, 0.09435785319777461, 0.08941236802182931, 0.08454203131816689, 0.07975221083480748, 0.07504827431977126, 0.07043558952107846, 0.06591952418674928, 0.06150544606480396, 0.05719872290326263, 0.053004722450145515, 0.04892881245347283, 0.044976360661264786, 0.04115273482154155, 0.03746330268232335, 0.03391343199163038, 0.030508490497482825, 0.027253845947900913, 0.024154866090904826, 0.021216918674514775, 0.018445371446750947, 0.015845592155633567, 0.013422948549182813, 0.011182808375418902, 0.009130539382362026, 0.0072715093180323875, 0.005611085930450188, 0.00415463696763563, 0.0029075301776089143, 0.0018751333083902415, 0.0010628141079998125, 4.7594032445782844E-4, 1.1987970578449062E-4, 0.0
Green#1, 1.5354729532205647, 1.1702845444835765, 0.4920166445068911, 0.12661524264192492, 0.1262449428244965, 0.12577479596089786, 0.12520746185825665, 0.12454560032370049, 0.12379187116435691, 0.12294893418735361, 0.12201944919981816, 0.12100607600887812, 0.11991147442166113, 0.1187383042452948, 0.11748922528690663, 0.11616689735362433, 0.11477398025257546, 0.11331313379088763, 0.11178701777568842, 0.1101982920141055, 0.10854961631326633, 0.10684365048029862, 0.10508305432232994, 0.10327048764648791, 0.10140861025990013, 0.0995000819696942, 0.09754756258299764, 0.09555371190693818, 0.09352118974864332, 0.09145265591524068, 0.08935077021385791, 0.0872181924516226, 0.08505758243566226, 0.08287159997310463, 0.08066290487107719, 0.07843415693670759, 0.07618801597712346, 0.07392714179945233, 0.07165419421082184, 0.06937183301835963, 0.0670827180291932, 0.06478950905045024, 0.06249486588925833, 0.06020144835274504, 0.057911916248038, 0.0556289293822648, 0.053355147562553024, 0.051093230596030305, 0.04884583828982424, 0.04661563045106238, 0.04440526688687238, 0.04221740740438183, 0.0400547118107183, 0.03791983991300942, 0.03581545151838279, 0.03374420643396599, 0.03170876446688663, 0.02971178542427233, 0.027755929113250664, 0.025843855340949226, 0.02397822391449565, 0.022161694641017516, 0.020396927327642412, 0.018686581781497957, 0.017033317809711748, 0.015439795219411382, 0.013908673817724464, 0.012442613411778589, 0.011044273808701354, 0.009716314815620367, 0.008461396239663226, 0.007282177887957528, 0.006181319567630878, 0.0051614810858108704, 0.004225322249625111, 0.0033755028662011974, 0.0026146827426667286, 0.001945521686149307, 0.0013706795037765327, 8.928160026760053E-4, 5.145909899753243E-4, 2.3866427280209106E-4, 6.769565828390525E-5, 4.344953548367185E-6, 0.0, 0.0, 0.0, 0.0, 0.0, 0.0, 0.0
Blue#1, 1.2172466751014452, 0.9553316808115162, 0.4410075861854612, 0.08140572358887828, 0.0, 0.0, 0.0, 0.0, 0.0, 0.0, 0.0, 0.0, 0.0, 0.0, 0.0, 0.0, 0.0, 0.0, 0.0, 0.0, 0.0, 0.0, 0.0, 0.0, 0.0, 0.0, 0.0, 0.0, 0.0, 0.0, 0.0, 0.0, 0.0, 0.0, 0.0, 0.0, 0.0, 0.0, 0.0, 0.0, 0.0, 0.0, 0.0, 0.0, 0.0, 0.0, 0.0, 0.0, 0.0, 0.0, 0.0, 0.0, 0.0, 0.0, 0.0, 0.0, 0.0, 0.0, 0.0, 0.0, 0.0, 0.0, 0.0, 0.0, 0.0, 0.0, 0.0, 0.0, 0.0, 0.0, 0.0, 0.0, 0.0, 0.0, 0.0, 0.0, 0.0, 0.0, 0.0, 0.0, 0.0, 0.0, 0.0, 0.0, 0.0, 0.0, 0.0, 0.0, 0.0, 0.0, 0.0
Red#2, 2.070697806648069, 2.069678532336653, 2.0666559805052023, 2.061683057807914, 2.0548126708989836, 2.046097726432609, 2.0355911310629855, 2.0233457914443105, 2.0094146142307796, 1.9938505060765903, 1.9767063736359387, 1.9580351235630205, 1.937889662512033, 1.9163228971371735, 1.893387734092638, 1.869137080032622, 1.8436238416113224, 1.8169009254829365, 1.7890212383016597, 1.7600376867216896, 1.7300031773972222, 1.6989706169824539, 1.6669929121315818, 1.6341229694988022, 1.6004136957383104, 1.5659179975043047, 1.5306887814509806, 1.494778954232535, 1.4582414225031644, 1.4211290929170644, 1.3834948721284328, 1.3453916667914652, 1.306872383560359, 1.2679899290893102, 1.228797210032515, 1.1893471330441707, 1.1496926047784732, 1.109886531889619, 1.0699818210318044, 1.030031378859227, 0.9900881120260823, 0.9502049271865669, 0.9104347309948779, 0.8708304301052114, 0.8314449311717639, 0.7923311408487317, 0.7535419657903121, 0.7151303126507006, 0.6771490880840945, 0.6396511987446898, 0.6026895512866832, 0.5663170523642714, 0.5305866086316507, 0.4955511267430178, 0.4612635133525689, 0.42777667511450074, 0.39514351868300973, 0.3634169507122925, 0.33264987785654543, 0.3028952067699652, 0.2742058441067482, 0.2466346965210909, 0.22023467066718994, 0.19505867319924167, 0.1711596107714428, 0.14859039003798968, 0.12740391765307893, 0.10765310027090699, 0.08939084454567041, 0.0726700571315657, 0.05754364468278935, 0.04406451385353789, 0.03228557129800784, 0.022259723670395686, 0.014039877624897973, 0.007678939815711189, 0.0032298168970318567, 7.454155230564853E-4, 0.0, 0.0, 0.0, 0.0, 0.0, 0.0, 0.0, 0.0, 0.0, 0.0, 0.0, 0.0, 0.0
Green#2, 1.6698738940310256, 1.66908905623491, 1.6667610732408296, 1.6629297406401848, 1.657634854024375, 1.6509162089848002, 1.6428136011128602, 1.6333668259999543, 1.6226156792374844, 1.610599956416848, 1.5973594531294466, 1.5829339649666794, 1.5673632875199455, 1.5506872163806467, 1.532945547140181, 1.5141780753899496, 1.4944245967213519, 1.4737249067257872, 1.452118800994656, 1.4296460751193583, 1.4063465246912936, 1.3822599453018625, 1.3574261325424635, 1.3318848820044977, 1.3056759892793641, 1.2788392499584638, 1.2514144596331958, 1.2234414138949596, 1.1949599083351559, 1.1660097385451842, 1.1366307001164444, 1.1068625886403365, 1.07674519970826, 1.0463183289116156, 1.0156217718418024, 0.9846953240902201, 0.9535787812482694, 0.9223119389073497, 0.890934592658861, 0.8594865380942031, 0.8280075708047758, 0.7965374863819792, 0.7651160804172129, 0.7337831485018772, 0.7025784862273714, 0.6715418891850959, 0.6407131529664503, 0.6101320731628345, 0.5798384453656485, 0.5498720651662921, 0.5202727281561651, 0.49108022992666733, 0.462334366069199, 0.43407493217515974, 0.40634172383594946, 0.37917453664296796, 0.35261316618761523, 0.3266974080612911, 0.30146705785539557, 0.27696191116132834, 0.2532217635704893, 0.23028641067427835, 0.20819564806409555, 0.18698927133134052, 0.1667070760674133, 0.14738885786371364, 0.12907441231164152, 0.1118035350025968, 0.09561602152797932, 0.08055166747918902, 0.06665026844762569, 0.053951620024689256, 0.04249551780177961, 0.03232175737029659, 0.023470134321640117, 0.01598044424721004, 0.009892482738406242, 0.005246045386628598, 0.0020809277832769873, 4.3692551975128656E-4, 0.0, 0.0, 0.0, 0.0, 0.0, 0.0, 0.0, 0.0, 0.0, 0.0, 0.0
Blue#2, 0.7008124799328008, 0.7004733675986792, 0.6994676641189854, 0.6978128197777269, 0.6955262848589102, 0.6926255096465428, 0.6891279444246315, 0.6850510394771834, 0.6804122450882055, 0.675229011541705, 0.6695187891216886, 0.6632990281121636, 0.6565871787971366, 0.6494006914606155, 0.6417570163866069, 0.6336736038591173, 0.6251679041621543, 0.6162573675797249, 0.606959444395836, 0.5972915848944947, 0.587271239359708, 0.5769158580754832, 0.5662428913258268, 0.5552697893947462, 0.5440140025662484, 0.5324929811243404, 0.5207241753530294, 0.5087250355363221, 0.49651301195822584, 0.4841055549027473, 0.47152011465389376, 0.45877414149567225, 0.4458850857120899, 0.4328703975871535, 0.4197475274048703, 0.40653392544924727, 0.3932470420042913, 0.3799043273540096, 0.36652323178240903, 0.3531212055734969, 0.33971569901128007, 0.32632416237976547, 0.31296404596296035, 0.29965280004487166, 0.2864078749095064, 0.2732467208408716, 0.26018678812297436, 0.2472455270398216, 0.23444038787542054, 0.22178882091377805, 0.20930827643890118, 0.19701620473479703, 0.18493005608547264, 0.173067280774935, 0.16144532908719114, 0.15008165130624812, 0.13899369771611295, 0.1281989186007927, 0.11771476424429433, 0.10755868493062501, 0.09774813094379164, 0.08830055256780131, 0.07923340008666108, 0.07056412378437793, 0.06231017394495894, 0.054489000852411096, 0.04711805479074148, 0.040214786043957104, 0.033796644896065, 0.027881081631072217, 0.022485546532985776, 0.017627489885812715, 0.01332436197356007, 0.009593613080234872, 0.006452693489844162, 0.0039190534863949664, 0.0020101433538943247, 7.434133763492701E-4, 1.3631383776683658E-4, 0.0, 0.0, 0.0, 0.0, 0.0, 0.0, 0.0, 0.0, 0.0, 0.0, 0.0, 0.0
Red#3, 6.928646504845598, 6.917133577308207, 6.883349724797704, 6.828427342466583, 6.753498825467345, 6.659696568952485, 6.548152968074506, 6.420000417985902, 6.276371313839175, 6.118398050786819, 5.947213023981334, 5.763948628575219, 5.569737259720971, 5.365711312571089, 5.153003182278072, 4.932745263994416, 4.706069952872621, 4.474109644065185, 4.237996732724605, 3.9988636140033824, 3.7578426830540104, 3.516066335028991, 3.2746669650808222, 3.0347769683620007, 2.797528740025025, 2.5640546752223936, 2.3354871691066053, 2.112958616830157, 1.8976014135455481, 1.6905479544052764, 1.4929306345618407, 1.3058818491677378, 1.130533993375467, 0.9680194623375258, 0.8194706512064133, 0.6860199551346269, 0.5687997692746654, 0.46894248877902667, 0.38758050880020894, 0.3258462244907106, 0.2848720310030297, 0.26579032348966447, 0.2580181647320219, 0.25022283623975894, 0.24241206125774908, 0.2345935630308658, 0.22677506480398246, 0.21896428982197266, 0.2111689613297097, 0.20339680257206708, 0.19565553679391823, 0.18795288724013662, 0.18029657715559563, 0.17269432978516883, 0.16515386837372956, 0.1576829161661512, 0.15028919640730737, 0.14298043234207136, 0.13576434721531677, 0.12864866427191685, 0.12164110675674522, 0.11474939791467526, 0.10798126099058036, 0.101344419229334, 0.09484659587580965, 0.08849551417488079, 0.08229889737142078, 0.07626446871030307, 0.07039995143640114, 0.06471306879458846, 0.05921154402973841, 0.05390310038672447, 0.048795461110420095, 0.04389634944569868, 0.03921348863743372, 0.03475460193049863, 0.030527412569766876, 0.026539643800111874, 0.022799018866407107, 0.019313261013525977, 0.016090093486341963, 0.013137239529728485, 0.010462422388558998, 0.008073365307706944, 0.005977791532045766, 0.0041834243064489095, 0.0026979868757898203, 0.00152920248494194, 6.847943787787139E-4, 1.7248580217358583E-4, 0.0
Green#3, 5.867628275573519, 5.857466854321917, 5.827659301412382, 5.779220683112829, 5.713166065691164, 5.630510515415298, 5.532269098553145, 5.419456881372611, 5.293088930141613, 5.154180311128053, 5.003746090599847, 4.842801334824905, 4.672361110071137, 4.493440482606455, 4.307054518698767, 4.114218284615986, 3.9159468466260203, 3.713255270996782, 3.5071586239961823, 3.298671971892131, 3.088810380952536, 2.8785889174453114, 2.669022647638368, 2.4611266377996133, 2.2559159541969604, 2.0544056630983185, 1.8576108307715986, 1.6665465234847119, 1.4822278075055682, 1.3056697491020786, 1.137887414542153, 0.9798958700937024, 0.8327101820246372, 0.6973454166028681, 0.5748166400963057, 0.4661389187728603, 0.37232731890044285, 0.29439690674696356, 0.2333627485803332, 0.19023991066846227, 0.16604345927926129, 0.15644589088633953, 0.15171991177543762, 0.14698246650832394, 0.1422383747413524, 0.137492456130877, 0.13274953033325157, 0.1280144170048301, 0.12329193580196655, 0.11858690638101482, 0.11390414839832892, 0.10924848151026265, 0.10462472537317008, 0.10003769964340502, 0.09549222397732154, 0.09099311803127345, 0.0865452014616148, 0.08215329392469946, 0.07782221507688139, 0.0735567845745145, 0.06936182207395275, 0.06524214723155006, 0.06120257970366039, 0.05724793914663766, 0.0533830452168358, 0.04961271757060877, 0.04594177586431049, 0.04237503975429488, 0.038917328896915904, 0.035573462948527486, 0.03234826156548357, 0.029246544404138087, 0.02627313112084497, 0.02343284137195817, 0.0207304948138316, 0.01817091110281921, 0.015758909895274936, 0.013499310847552716, 0.01139693361600648, 0.009456597856990167, 0.007683123226857715, 0.00608132938196306, 0.004656035978660137, 0.0034120626733028844, 0.002354229122245236, 0.0014873549818411294, 8.162599084445008E-4, 3.4576355840928676E-4, 8.068558808942326E-5, 0.0, 0.0
Blue#3, 3.8924987287489103, 3.8847100365238596, 3.8618968740508928, 3.82488861263328, 3.774514623574296, 3.711604278177215, 3.6369869477453065, 3.5514920035818474, 3.4559488169901074, 3.351186759273362, 3.2380352017348826, 3.1173235156779437, 2.989881072405818, 2.8565372432217764, 2.718121399429095, 2.5754629123310453, 2.4293911532309007, 2.280735493431934, 2.130325304237419, 1.9789899569506273, 1.8275588228748334, 1.6768612733133095, 1.527726679569329, 1.380984412946165, 1.2374638447470903, 1.0979943462753783, 0.9634052888343014, 0.8345260437271333, 0.7121859822571467, 0.5972144757276148, 0.4904408954418106, 0.3926946127030072, 0.30480499881447765, 0.2276014250794949, 0.16191326280133203, 0.10856988328326217, 0.06840065782855828, 0.04223495774049344, 0.030902154322340697, 0.028466723807330903, 0.02725893237572095, 0.02605544781953573, 0.02485799288894514, 0.02366829033411907, 0.022488062905227424, 0.021319033352440092, 0.020162924425926952, 0.019021458875857926, 0.017896359452402887, 0.01678934890573174, 0.015702149986014373, 0.014636485443420682, 0.013594078028120564, 0.012576650490283912, 0.011585925580080623, 0.010623626047680582, 0.00969147464325369, 0.008791194116969837, 0.007924507218998924, 0.00709313669951084, 0.006298805308675481, 0.005543235796662739, 0.0048281509136425095, 0.004155273409784685, 0.0035263260352591634, 0.002943031540235837, 0.002407112674884598, 0.001920292189375344, 0.0014842928338779668, 0.0011008373585623607, 7.716485135984206E-4, 4.984490491560403E-4, 2.8296171540511387E-4, 1.269092625155356E-4, 3.2014440657199595E-5, 0.0, 0.0, 0.0, 0.0, 0.0, 0.0, 0.0, 0.0, 0.0, 0.0, 0.0, 0.0, 0.0, 0.0, 0.0, 0.0
Red#4, 5.017829548153257, 5.014429113929977, 5.004366327803108, 4.987848964587112, 4.965084799096445, 4.936281606145563, 4.90164716054893, 4.861389237121002, 4.815715610676233, 4.764834056029088, 4.708952347994023, 4.648278261385496, 4.5830195710179655, 4.51338405170589, 4.439579478263726, 4.3618136255059365, 4.280294268246975, 4.195229181301306, 4.10682613948338, 4.015292917607662, 3.920837290488606, 3.8236670329406754, 3.7239899197783237, 3.6220137258160126, 3.517946225868198, 3.411995194749341, 3.3043684072738966, 3.1952736382563267, 3.084918662511088, 2.973511254852638, 2.861259190095439, 2.748370243053944, 2.6350521885426152, 2.52151280137591, 2.407959856368287, 2.294601128334205, 2.1816443920881206, 2.0692974224444938, 1.9577679942177837, 1.847263882222447, 1.7379928612729427, 1.6301627061837298, 1.5239811917692663, 1.419656092844011, 1.3173951842224214, 1.2174062407189572, 1.1198970371480754, 1.0250753483242356, 0.9331489490618958, 0.8443256141755144, 0.7588131184795499, 0.6768192367884608, 0.5985517439167054, 0.524218414678742, 0.4540270238890292, 0.38818534636202556, 0.32690115691218935, 0.27038223035397896, 0.21883634150185288, 0.17247126517026953, 0.13149477617368732, 0.0961146493265647, 0.0665386594433601, 0.0429745813385319, 0.025630189826538606, 0.014713259721838593, 0.010018256277171877, 0.0083587807919778, 0.006834788862748485, 0.005451034298465145, 0.004212270908109003, 0.003123252500661279, 0.002188732885103192, 0.0014134658704159622, 8.02205265580808E-4, 3.5970487957895E-4, 9.071852139160743E-5, 0.0, 0.0, 0.0, 0.0, 0.0, 0.0, 0.0, 0.0, 0.0, 0.0, 0.0, 0.0, 0.0, 0.0
Green#4, 4.247853662398939, 4.244850714501521, 4.235967115547129, 4.221390732642558, 4.201309432894603, 4.17591108341006, 4.145383551295724, 4.109914703658388, 4.069692407604849, 4.024904530241901, 3.975738938676341, 3.922383500014961, 3.8650260813645576, 3.803854549831926, 3.7390567725238606, 3.670820616547157, 3.5993339490086096, 3.5247846370150135, 3.4473605476731644, 3.367249548089856, 3.2846395053718846, 3.199718286626045, 3.1126737589591316, 3.0236937894779397, 2.9329662452892644, 2.8406789934999006, 2.7470199012166434, 2.652176835546288, 2.556337663595629, 2.4596902524714617, 2.362422469280581, 2.2647221811297817, 2.1667772551258593, 2.0687755583756084, 1.970904957985824, 1.8733533210633015, 1.7763085147148356, 1.6799584060472212, 1.5844908621672538, 1.4900937501817277, 1.3969549371974388, 1.3052622903211812, 1.2152036766597505, 1.1269669633199415, 1.0407400174085493, 0.9567107060323686, 0.8750668962981949, 0.7959964553128229, 0.7196872501830478, 0.6463271480156644, 0.5761040159174677, 0.5092057209952529, 0.44582013035581486, 0.38613511110594867, 0.33033853035244937, 0.27861825520211186, 0.2311621527617312, 0.18815809013810242, 0.1497939344380205, 0.11625755276828048, 0.08773681223567735, 0.06441957994700612, 0.046493723009061794, 0.03414710852863939, 0.027567603612533926, 0.024035834270784703, 0.020712540282637, 0.017605759408694736, 0.014723529409561864, 0.012073888045842317, 0.009664873078140025, 0.007504522267058923, 0.005600873373202953, 0.003961964157176047, 0.0025958323795821415, 0.001510515801025171, 7.140521821090728E-4, 2.1447928343778204E-4, 1.983486561523446E-5, 0.0, 0.0, 0.0, 0.0, 0.0, 0.0, 0.0, 0.0, 0.0, 0.0, 0.0, 0.0
Blue#4, 2.030485704088124, 2.028847978493858, 2.0240077934250333, 2.0160746364526085, 2.0051579951475427, 1.9913673570807953, 1.974812209823325, 1.9556020409460901, 1.93384633802005, 1.9096545886161642, 1.8831362803053904, 1.854400900658689, 1.823557937247018, 1.790716877641337, 1.7559872094126046, 1.7194784201317797, 1.681299997369821, 1.6415614286976883, 1.60037220168634, 1.5578418039067348, 1.5140797229298326, 1.4691954463265917, 1.423298461667971, 1.37649825652493, 1.3289043184684268, 1.2806261350694215, 1.2317731938988719, 1.1824549825277377, 1.1327809885269775, 1.0828606994675505, 1.0328036029204155, 0.9827191864565314, 0.9327169376468576, 0.8829063440623528, 0.8333968932739757, 0.7842980728526856, 0.7357193703694416, 0.6877702733952022, 0.6405602695009265, 0.5941988462575736, 0.5487954912361026, 0.5044596920074721, 0.46130093614264145, 0.4194287112125693, 0.3789525047882148, 0.33998180444053683, 0.30262609774049426, 0.2669948722590463, 0.2331976155671517, 0.2013438152357695, 0.1715429588358587, 0.14390453393837824, 0.1185380281142871, 0.09555292893454419, 0.07505872397010852, 0.057164900791939026, 0.041980946970994706, 0.029616350078234488, 0.020180597684617357, 0.013783177361102277, 0.010353009745038836, 0.008437390975410079, 0.006699773088968982, 0.005146974580001058, 0.003785813942791816, 0.002623109671626772, 0.001665680260791438, 9.203442045713264E-4, 3.939199972519501E-4, 9.322613311882147E-5, 0.0, 0.0, 0.0, 0.0, 0.0, 0.0, 0.0, 0.0, 0.0, 0.0, 0.0, 0.0, 0.0, 0.0, 0.0, 0.0, 0.0, 0.0, 0.0, 0.0, 0.0
Red#5, 5.175816027501181, 5.170849242403797, 5.156192909576729, 5.132213062717616, 5.099275735524087, 5.057746961693779, 5.00799277492432, 4.950379208913345, 4.8852722973584894, 4.813038073957385, 4.734042572407665, 4.648651826406963, 4.557231869652913, 4.460148735843145, 4.357768458675296, 4.250457071846995, 4.13858060905588, 4.022505103999581, 3.90259659037573, 3.779221101881964, 3.6527446722159143, 3.5235333350752134, 3.391953124157495, 3.2583700731603926, 3.12315021578154, 2.98665958571857, 2.8492642166691136, 2.7113301423308074, 2.573223396401282, 2.4353100125781726, 2.2979560245591104, 2.16152746604173, 2.026390370723664, 1.8929107723025465, 1.7614547044760092, 1.632388200941686, 1.5060772953972101, 1.3828880215402148, 1.263186413068333, 1.1473385036791983, 1.0357103270704435, 0.9286679169397021, 0.8265773069846071, 0.7298045309027914, 0.638715622391889, 0.553676615149532, 0.47505354287335455, 0.4032124392609894, 0.3385193380100697, 0.2813402728182288, 0.23204127738309976, 0.19098838540231586, 0.15854763057351023, 0.1350850465943161, 0.12096666716236665, 0.11361394321699779, 0.10828660860607178, 0.1030204864053688, 0.09782114137945463, 0.09269413829289488, 0.08764504191025543, 0.08267941699610193, 0.07780282831500009, 0.07302084063151566, 0.06833901871021437, 0.06376292731566202, 0.059298131212424256, 0.05495019516506681, 0.050724683938155435, 0.04662716229625589, 0.04266319500393386, 0.03883834682575509, 0.03515818252628533, 0.031628266870090266, 0.02825416462173568, 0.025041440545787264, 0.021995659406810773, 0.019122385969371915, 0.01642718499803645, 0.013915621257370076, 0.01159325951193855, 0.009465664526307588, 0.0075384010650429234, 0.005817033892710288, 0.00430712777387541, 0.003014247473104023, 0.0019439577549618561, 0.0011018233840146398, 4.934091248281047E-4, 1.2427974196798126E-4, 0.0
Green#5, 4.2358049133983675, 4.231525813181985, 4.218903675472488, 4.198261244679355, 4.169921265212066, 4.134206481480099, 4.091439637892931, 4.0419434788600395, 3.9860407487909058, 3.9240541920950065, 3.8563065531818204, 3.783120576460825, 3.7048190063414994, 3.621724587233323, 3.534160063545771, 3.442448179688324, 3.3469116800704604, 3.247873309101659, 3.1456558111913955, 3.040581930749151, 2.932974412184402, 2.823155999906629, 2.7114494383253076, 2.598177471849919, 2.4836628448899387, 2.368228301854847, 2.2521965871541214, 2.1358904451972407, 2.0196326203936827, 1.9037458571529262, 1.7885528998844495, 1.6743764929977307, 1.5615393809022482, 1.4503643080074808, 1.341174018722906, 1.2342912574580025, 1.1300387686222488, 1.0287392966251232, 0.9307155858761038, 0.8362903807846692, 0.7457864257602975, 0.6595264652124675, 0.5778332435506568, 0.5010295051843443, 0.4294379945230081, 0.36338145597612675, 0.30318263395317835, 0.2491642728636414, 0.2016491171169941, 0.16095991112271485, 0.127419399290282, 0.10135032602917388, 0.08307543574886883, 0.07291747285884516, 0.0683516326612143, 0.06524545094782096, 0.06217174574464615, 0.059133741308811466, 0.05613466189743861, 0.05317773176764915, 0.05026617517656481, 0.04740321638130719, 0.04459207963899793, 0.041835989206758684, 0.03913816934171111, 0.03650184430097686, 0.033930238341677556, 0.03142657572093484, 0.028994080695870377, 0.026635977523605813, 0.024355490461262775, 0.02215584376596292, 0.020040261694827897, 0.01801196850497934, 0.016074188453538904, 0.014230145797628229, 0.012483064794368965, 0.010836169700882747, 0.009292684774291236, 0.007855834271716065, 0.006528842450278886, 0.0053149335671013416, 0.004217331879305076, 0.0032392616440117365, 0.0023839471183429673, 0.0016546125594204145, 0.0010544822243657233, 5.867803703005391E-4, 2.547312543465071E-4, 6.15591336252727E-5, 0.0
Blue#5, 2.2052258089373, 2.202642609862811, 2.195032232152623, 2.182603505076652, 2.165565257904813, 2.1441263199070217, 2.1184955203531954, 2.088881688513249, 2.055493653657099, 2.0185402450546603, 1.97823029197585, 1.934772623690583, 1.8883760694687763, 1.8392494585803447, 1.7876016202952059, 1.7336413838832736, 1.6775775786144653, 1.619619033758696, 1.5599745785858823, 1.4988530423659403, 1.4364632543687847, 1.373014043864333, 1.3087142401225003, 1.243772672413202, 1.178398170006355, 1.1127995621718747, 1.0471856781796771, 0.9817653472996786, 0.9167473988017945, 0.8523406619559409, 0.788753966032034, 0.7261961402999892, 0.664876014029723, 0.6050024164911509, 0.546784176954189, 0.4904301246887533, 0.43614908896475973, 0.38414989905212416, 0.3346413842207623, 0.28783237374059045, 0.24393169688152438, 0.2031481829134799, 0.16569066110637307, 0.13176796073011987, 0.10158891105463609, 0.07536234134983776, 0.05329708088564073, 0.03560195893196099, 0.022485804758714437, 0.01415744763581701, 0.010825716833184637, 0.010197476915684709, 0.009709189424454333, 0.009226279652671381, 0.008749313676067157, 0.008278857570372972, 0.00781547741132013, 0.007359739274639941, 0.006912209236063709, 0.006473453371322748, 0.006044037756148359, 0.005624528466271853, 0.005215491577424536, 0.004817493165337718, 0.004431099305742704, 0.0040568760743708, 0.00369538954695332, 0.0033472057992215646, 0.003012890906906846, 0.0026930109457404686, 0.002388131991453742, 0.002098820119777973, 0.0018256414064444697, 0.0015691619271845387, 0.0013299477577294885, 0.0011085649738106257, 9.05579651159259E-4, 7.215578655066951E-4, 5.570656925842418E-4, 4.1266920812320655E-4, 2.8893448785489713E-4, 1.86427607510621E-4, 1.0571464282168564E-4, 4.736166951939866E-5, 1.1934763335067589E-5, 0.0, 0.0, 0.0, 0.0, 0.0, 0.0
Red#6, 2.8382551800703766, 2.3947778081843802, 1.4191275900351883, 0.44347737188599634, 0.0, 0.0, 0.0, 0.0, 0.0, 0.0, 0.0, 0.0, 0.0, 0.0, 0.0, 0.0, 0.0, 0.0, 0.0, 0.0, 0.0, 0.0, 0.0, 0.0, 0.0, 0.0, 0.0, 0.0, 0.0, 0.0, 0.0, 0.0, 0.0, 0.0, 0.0, 0.0, 0.0, 0.0, 0.0, 0.0, 0.0, 0.0, 0.0, 0.0, 0.0, 0.0, 0.0, 0.0, 0.0, 0.0, 0.0, 0.0, 0.0, 0.0, 0.0, 0.0, 0.0, 0.0, 0.0, 0.0, 0.0, 0.0, 0.0, 0.0, 0.0, 0.0, 0.0, 0.0, 0.0, 0.0, 0.0, 0.0, 0.0, 0.0, 0.0, 0.0, 0.0, 0.0, 0.0, 0.0, 0.0, 0.0, 0.0, 0.0, 0.0, 0.0, 0.0, 0.0, 0.0, 0.0, 0.0
Green#6, 2.3442452976246497, 1.9779569698707982, 1.1721226488123249, 0.3662883277538515, 0.0, 0.0, 0.0, 0.0, 0.0, 0.0, 0.0, 0.0, 0.0, 0.0, 0.0, 0.0, 0.0, 0.0, 0.0, 0.0, 0.0, 0.0, 0.0, 0.0, 0.0, 0.0, 0.0, 0.0, 0.0, 0.0, 0.0, 0.0, 0.0, 0.0, 0.0, 0.0, 0.0, 0.0, 0.0, 0.0, 0.0, 0.0, 0.0, 0.0, 0.0, 0.0, 0.0, 0.0, 0.0, 0.0, 0.0, 0.0, 0.0, 0.0, 0.0, 0.0, 0.0, 0.0, 0.0, 0.0, 0.0, 0.0, 0.0, 0.0, 0.0, 0.0, 0.0, 0.0, 0.0, 0.0, 0.0, 0.0, 0.0, 0.0, 0.0, 0.0, 0.0, 0.0, 0.0, 0.0, 0.0, 0.0, 0.0, 0.0, 0.0, 0.0, 0.0, 0.0, 0.0, 0.0, 0.0
Blue#6, 1.3159515208895156, 1.1103340957505288, 0.6579757604447578, 0.20561742513898681, 0.0, 0.0, 0.0, 0.0, 0.0, 0.0, 0.0, 0.0, 0.0, 0.0, 0.0, 0.0, 0.0, 0.0, 0.0, 0.0, 0.0, 0.0, 0.0, 0.0, 0.0, 0.0, 0.0, 0.0, 0.0, 0.0, 0.0, 0.0, 0.0, 0.0, 0.0, 0.0, 0.0, 0.0, 0.0, 0.0, 0.0, 0.0, 0.0, 0.0, 0.0, 0.0, 0.0, 0.0, 0.0, 0.0, 0.0, 0.0, 0.0, 0.0, 0.0, 0.0, 0.0, 0.0, 0.0, 0.0, 0.0, 0.0, 0.0, 0.0, 0.0, 0.0, 0.0, 0.0, 0.0, 0.0, 0.0, 0.0, 0.0, 0.0, 0.0, 0.0, 0.0, 0.0, 0.0, 0.0, 0.0, 0.0, 0.0, 0.0, 0.0, 0.0, 0.0, 0.0, 0.0, 0.0, 0.0
Red#7, 4.079909851375257, 4.074881445452133, 4.060073656975079, 4.035902629882551, 4.002784508113024, 3.961135435604955, 3.911371556296814, 3.8539090141270647, 3.7891639530341736, 3.7175525169566046, 3.639490849832823, 3.555395095601295, 3.4656813982004877, 3.3707659015688622, 3.271064749644885, 3.1669940863670245, 3.058970055673741, 2.9474088015035056, 2.8327264677947785, 2.715339198486027, 2.595663137515717, 2.474114428822313, 2.351109216344281, 2.2270636440200855, 2.102393855788192, 1.977515995587065, 1.8528462073551717, 1.7288006350309761, 1.6057954225529436, 1.48424671385954, 1.3645706528892296, 1.2471833835804789, 1.1325010498717523, 1.0209397957015154, 0.9129157650082333, 0.8088451017303716, 0.7091439498063956, 0.6142284531747702, 0.5245147557739612, 0.4404190015424336, 0.3623573344186527, 0.29074589834108366, 0.22600083724819206, 0.16853829507844306, 0.11877441577030198, 0.07712534326223404, 0.04400722149270457, 0.019836194400178895, 0.005028405923122273, 0.0, 0.0, 0.0, 0.0, 0.0, 0.0, 0.0, 0.0, 0.0, 0.0, 0.0, 0.0, 0.0, 0.0, 0.0, 0.0, 0.0, 0.0, 0.0, 0.0, 0.0, 0.0, 0.0, 0.0, 0.0, 0.0, 0.0, 0.0, 0.0, 0.0, 0.0, 0.0, 0.0, 0.0, 0.0, 0.0, 0.0, 0.0, 0.0, 0.0, 0.0, 0.0
Green#7, 3.209738390933413, 3.205782453639552, 3.1941329003672894, 3.175117119030595, 3.149062497543449, 3.1162964238198207, 3.0771462857736886, 3.0319394713190255, 2.9810033683698065, 2.9246653648400063, 2.8632528486435986, 2.797093207694559, 2.7265138299068634, 2.6518421031944834, 2.573405415471395, 2.4915311546515744, 2.4065467086489924, 2.318779465377629, 2.2285568127514543, 2.1362061386844444, 2.042054831090575, 1.9464302778838187, 1.8496598669781519, 1.7520709862875485, 1.653991023725983, 1.5557473672074296, 1.4576674046458644, 1.3600785239552609, 1.263308113049594, 1.1676835598428383, 1.073532252248968, 0.9811815781819588, 0.8909589255557843, 0.8031916822844196, 0.7182072362818391, 0.6363329754620176, 0.55789628773893, 0.48322456102655015, 0.41264518323885346, 0.34648554228981415, 0.28507302609340696, 0.22873502256360642, 0.1777989196143873, 0.13259210515972414, 0.09344196711359162, 0.060675893389964305, 0.03462127190281685, 0.015605490566123911, 0.003955937293860083, 0.0, 0.0, 0.0, 0.0, 0.0, 0.0, 0.0, 0.0, 0.0, 0.0, 0.0, 0.0, 0.0, 0.0, 0.0, 0.0, 0.0, 0.0, 0.0, 0.0, 0.0, 0.0, 0.0, 0.0, 0.0, 0.0, 0.0, 0.0, 0.0, 0.0, 0.0, 0.0, 0.0, 0.0, 0.0, 0.0, 0.0, 0.0, 0.0, 0.0, 0.0, 0.0
Blue#7, 1.3096707638260425, 1.3079301048748693, 1.3028079466886218, 1.2944540172682097, 1.2830180446145416, 1.268649756728527, 1.2514988816110746, 1.2317151472630934, 1.2094482816854921, 1.18484801287918, 1.158064068845067, 1.1292461775840612, 1.0985440670970714, 1.0661074653850078, 1.0320861004487785, 0.9966297002892921, 0.9598879929074586, 0.9220107063041874, 0.8831475684803861, 0.843448307436965, 0.8030626511748323, 0.7621403276948973, 0.7208310649980695, 0.6792845910852573, 0.6376506339573702, 0.5960789216153168, 0.5547191820600065, 0.5137211432923483, 0.4732345333132508, 0.4334090801236237, 0.3943945117243757, 0.35634055611641563, 0.319396941300653, 0.2837133952779965, 0.2494396460493552, 0.21672542161563826, 0.18572044997775472, 0.15657445913661353, 0.12943717709312372, 0.10445833184819438, 0.08178765140273454, 0.06157486375765323, 0.04396969691385949, 0.029121878872262343, 0.017181137633770847, 0.008297201199294028, 0.002619797569740926, 2.9865474602057743E-4, 0.0, 0.0, 0.0, 0.0, 0.0, 0.0, 0.0, 0.0, 0.0, 0.0, 0.0, 0.0, 0.0, 0.0, 0.0, 0.0, 0.0, 0.0, 0.0, 0.0, 0.0, 0.0, 0.0, 0.0, 0.0, 0.0, 0.0, 0.0, 0.0, 0.0, 0.0, 0.0, 0.0, 0.0, 0.0, 0.0, 0.0, 0.0, 0.0, 0.0, 0.0, 0.0, 0.0

