Red#0, 0.8447500619094906, 0.8447500619094906, 0.8447500619094906, 0.8447500619094906, 0.8447500619094906, 0.8447500619094906, 0.8447500619094906, 0.8447500619094906, 0.8447500619094906, 0.8447500619094906, 0.8447500619094906, 0.8447500619094906, 0.8447500619094906, 0.8447500619094906, 0.8447500619094906, 0.8447500619094906, 0.8447500619094906, 0.841775970538243, 0.8302165124106531, 0.8082417144661659, 0.7774503180961856, 0.739441064692117, 0.6958126956453644, 0.6481639523473325, 0.5980935761894257, 0.5472003085630487, 0.4970828908596057, 0.44934006447050145, 0.4055705707871404, 0.36737315120092723, 0.3363465471032661, 0.3140894998855618, 0.3022007509392188, 0.2990463336434158, 0.2990463336434158, 0.2990463336434158, 0.2965878215693636, 0.2895490622066456, 0.2784964057181465, 0.264094887546955, 0.2470095431361597, 0.22790540792884934, 0.20744751736811262, 0.18630090689703827, 0.16513061195871492, 0.14460166799623128, 0.12537911045267602, 0.10812797477113789, 0.09340230199283331, 0.08110699089056152, 0.0713838377422273, 0.06510121017644849, 0.06045518008917734, 0.055115566778935636, 0.049165224045048334, 0.04278295926261359, 0.0361798492941387, 0.029566971002130887, 0.02315540124909742, 0.01715621689754554, 0.011780494809982512, 0.007239311848915581, 0.003743744876852004, 0.0015048707562990305, 6.131202607723612E-4, 4.1304943883611704E-4, 2.439573248125816E-4, 1.1358859567993218E-4, 2.968792841634591E-5, 0.0, 0.0, 0.0, 0.0, 0.0, 0.0, 0.0, 0.0, 0.0, 0.0, 0.0, 0.0, 0.0, 0.0, 0.0, 0.0, 0.0, 0.0, 0.0, 0.0, 0.0, 0.0
Green#0, 0.995449351254623, 0.995449351254623, 0.995449351254623, 0.995449351254623, 0.995449351254623, 0.995449351254623, 0.995449351254623, 0.995449351254623, 0.995449351254623, 0.995449351254623, 0.995449351254623, 0.995449351254623, 0.995449351254623, 0.995449351254623, 0.995449351254623, 0.995449351254623, 0.9950645621453541, 0.9861144287446145, 0.9622040685399341, 0.9254849967558235, 0.8781087286167935, 0.8222267793473553, 0.7599906641720197, 0.6935518983152976, 0.6250619970017001, 0.5566724754557378, 0.49053484890192184, 0.42880063256476303, 0.3736213416687724, 0.3271484914384608, 0.2915335970983392, 0.2689281738729185, 0.26106548795489554, 0.26106548795489554, 0.26106548795489554, 0.26106548795489554, 0.2594856353486259, 0.2543319005122634, 0.2454472995231577, 0.2334236897549155, 0.2188529285811439, 0.20232687337544975, 0.18443738151143996, 0.16577631036272145, 0.14693551730290116, 0.128506859705586, 0.1110821949443829, 0.09525338039289875, 0.08161227342474049, 0.07046123209615822, 0.06194805006997074, 0.05657083106713218, 0.05333317825917054, 0.05021509654635298, 0.04665662882781511, 0.04278675199524941, 0.03873444294034836, 0.03462867855480445, 0.03042974594311021, 0.026127269564053857, 0.021894232340771314, 0.017903617196398523, 0.014328407054071426, 0.011341584836925956, 0.009116133468098052, 0.007510362699683614, 0.006109504032066846, 0.004752651395893537, 0.003483810822607145, 0.002346988343651129, 0.0013861899904689483, 6.454217945040605E-4, 1.6868978719992493E-4, 0.0, 0.0, 0.0, 0.0, 0.0, 0.0, 0.0, 0.0, 0.0, 0.0, 0.0, 0.0, 0.0, 0.0, 0.0, 0.0, 0.0, 0.0
Blue#0, 0.8744167191128074, 0.8744167191128074, 0.8744167191128074, 0.8744167191128074, 0.8744167191128074, 0.8744167191128074, 0.8744167191128074, 0.8744167191128074, 0.8744167191128074, 0.8744167191128074, 0.8744167191128074, 0.8733822101344285, 0.8704585978042273, 0.865915754029607, 0.8600235507179708, 0.8515515064867052, 0.8333760693968559, 0.8010747674444079, 0.7569142607593691, 0.7031612094717469, 0.6420822737115491, 0.5759441136087834, 0.5070133892934574, 0.43755676089557866, 0.36984088854515496, 0.30613243237219395, 0.24869805250670332, 0.19867994279784407, 0.15704038248984178, 0.125776159805301, 0.10688406296682611, 0.10073006140352544, 0.10073006140352544, 0.10070505854393674, 0.10018082036879972, 0.09813650953251837, 0.0941578151288048, 0.08853984475942722, 0.08157770602615372, 0.07356650653075243, 0.06480135387499153, 0.055577355660639156, 0.04618961948946343, 0.0369332529632325, 0.02810336368371451, 0.0199950592526776, 0.012903447271889912, 0.007123635343119582, 0.0029507310681347555, 6.526650274115122E-4, 0.0, 0.0, 0.0, 0.0, 0.0, 0.0, 0.0, 0.0, 0.0, 0.0, 0.0, 0.0, 0.0, 0.0, 0.0, 0.0, 0.0, 0.0, 0.0, 0.0, 0.0, 0.0, 0.0, 0.0, 0.0, 0.0, 0.0, 0.0, 0.0, 0.0, 0.0, 0.0, 0.0, 0.0, 0.0, 0.0, 0.0, 0.0, 0.0, 0.0, 0.0
Red#1, 0.923403541323525, 0.923403541323525, 0.923403541323525, 0.923403541323525, 0.9233694654384832, 0.9226610559981925, 0.9207815479076725, 0.9178995108828583, 0.9141835146396844, 0.9098021288940861, 0.9049239233619981, 0.8997174677593557, 0.8943513318020934, 0.8844707522858409, 0.8665076326010632, 0.8404121571313745, 0.8040752188676684, 0.7573081275793897, 0.7024248982784635, 0.6417395459768146, 0.5775290466808874, 0.5113991153453348, 0.44412455655131333, 0.3770401989533674, 0.31233736372536, 0.2524073749554368, 0.1996415567317438, 0.15643123314242688, 0.12516772827563186, 0.10332570000178115, 0.08759313959646149, 0.07753777470412543, 0.06994902176984535, 0.06272605156987889, 0.05613467143149043, 0.050475400214834286, 0.04604875678006471, 0.04315525998733598, 0.04127093664376886, 0.039539891913715854, 0.03783276318403496, 0.036204190522724486, 0.03470881399778275, 0.03340127367720809, 0.032336209628998816, 0.03156826192115326, 0.031152070621669723, 0.031007914264106297, 0.030975979653847664, 0.030975979653847664, 0.030963953569556307, 0.030840249164547494, 0.03053388910185179, 0.030071415223907386, 0.029479369373152455, 0.028784293392025168, 0.02801272912296371, 0.02719121840840625, 0.026346303090790966, 0.025504525012556036, 0.02467517237459261, 0.023790464219066474, 0.022815298727570717, 0.021801606464348262, 0.02080131799364205, 0.01986636387969501, 0.0190356028559986, 0.018248282983716457, 0.01744007533959835, 0.016636368645449026, 0.015862551623073255, 0.01514401299427579, 0.014506141480861389, 0.013974325804634808, 0.013573954687400802, 0.013181609242392207, 0.012680996208738025, 0.012027536710226524, 0.011179980330969034, 0.010177146447114751, 0.009057854434812874, 0.007860923670212601, 0.006625173529463131, 0.00538942338871366, 0.004192492624113388, 0.003073200611811511, 0.0020703667279572285, 0.001222810348699738, 5.693508501882379E-4, 1.488076085719258E-4, 0.0
Green#1, 0.7663118126787997, 0.7661028587840671, 0.7655177878788161, 0.7646192861314662, 0.7634700397104374, 0.7621327347841492, 0.7606700575210215, 0.759144694089474, 0.7576193306579266, 0.756156653394799, 0.7548193484685107, 0.7536701020474819, 0.752771600300132, 0.752186529394881, 0.7519775755001484, 0.7483870171087245, 0.7345621182072737, 0.7084014720878395, 0.6718011379824853, 0.626657175123274, 0.5748656427422687, 0.5183226000715326, 0.45892410634312875, 0.39777191351002067, 0.33610591392153694, 0.27602937740428846, 0.21964557378488603, 0.1690577728899405, 0.12636924454606258, 0.09368325857986314, 0.07310308481795298, 0.06282921222669949, 0.056440218894811614, 0.05046564675201917, 0.045112706392869864, 0.04058860841191142, 0.037100563403691555, 0.03485578196275797, 0.0340614746836584, 0.0340614746836584, 0.0340614746836584, 0.0340614746836584, 0.0340614746836584, 0.0340614746836584, 0.0340614746836584, 0.0340614746836584, 0.0340614746836584, 0.0340614746836584, 0.0340614746836584, 0.0340614746836584, 0.0340614746836584, 0.0340614746836584, 0.0340614746836584, 0.03399482165078721, 0.033806454383977315, 0.033513760630934246, 0.03313412813936353, 0.03268494465697071, 0.03210636982148671, 0.03133065639503843, 0.030377711668203737, 0.029290636248138508, 0.02811253074199864, 0.02688649575694001, 0.02565563190011852, 0.024463039778690052, 0.0233518199998105, 0.022365073170635755, 0.0215458998983217, 0.02086495184125119, 0.020281288826003392, 0.01982062371202867, 0.019508669358777382, 0.01937113862569989, 0.019349800774448093, 0.019132493441531926, 0.018518364022421026, 0.01756410138657178, 0.016326394403440577, 0.014861931942483813, 0.013227402873157875, 0.011479496064919157, 0.009674900387224046, 0.007870304709528935, 0.006122397901290217, 0.0044878688319642795, 0.0030234063710075144, 0.0017856993878763133, 8.314367520270664E-4, 2.173073329161651E-4, 0.0
Blue#1, 0.6915538691054361, 0.6915538691054361, 0.6915538691054361, 0.6915538691054361, 0.6915538691054361, 0.6915538691054361, 0.6915538691054361, 0.6915538691054361, 0.6915538691054361, 0.6915538691054361, 0.6915538691054361, 0.6915538691054361, 0.6915538691054361, 0.6915538691054361, 0.6915538691054361, 0.6915538691054361, 0.6849334357820149, 0.6662235155201724, 0.6371511778825403, 0.5994434924317501, 0.5548275287304334, 0.5050303563412217, 0.45103102257481664, 0.39381943663169483, 0.3352193108447178, 0.27718395421701564, 0.22166667575171844, 0.17062078445195622, 0.12599958932085908, 0.08975639936155709, 0.06384452357718035, 0.05021727097085889, 0.0436318273680911, 0.03769399888595421, 0.0326300249649467, 0.02866614504556703, 0.026028598568313643, 0.024943624973685012, 0.02482439603703792, 0.02482439603703792, 0.02482439603703792, 0.02482439603703792, 0.02482439603703792, 0.02482439603703792, 0.02482439603703792, 0.02482439603703792, 0.02482439603703792, 0.02482439603703792, 0.02482439603703792, 0.02482439603703792, 0.02482439603703792, 0.02482439603703792, 0.02482439603703792, 0.02482439603703792, 0.02482439603703792, 0.02482439603703792, 0.024766322278249635, 0.02456396658846393, 0.02420089387199075, 0.02370222794352911, 0.023093092617778026, 0.022398611709436512, 0.02164390903320359, 0.02085410840377827, 0.020054333635859577, 0.019269708544146523, 0.01852535694333812, 0.017846402648133395, 0.017257969473231355, 0.01678518123333102, 0.01645316174313141, 0.016287034817331538, 0.01624880061977359, 0.01624880061977359, 0.01624880061977359, 0.016066318972188243, 0.015550609968142694, 0.014749277515702689, 0.013709925522933967, 0.012480157897902274, 0.011107578548673353, 0.009639791383312946, 0.008124400309886795, 0.006609009236460645, 0.005141222071100238, 0.003768642721871316, 0.0025388750968396235, 0.0014995231040709027, 6.981906516308965E-4, 1.8248164758534794E-4, 0.0
Red#2, 0.7981152114842986, 0.7981152114842986, 0.7981152114842986, 0.7981152114842986, 0.7981152114842986, 0.7981152114842986, 0.7981152114842986, 0.7981152114842986, 0.7981152114842986, 0.7981152114842986, 0.7981152114842986, 0.7981152114842986, 0.7981152114842986, 0.7981152114842986, 0.7981152114842986, 0.7981152114842986, 0.7981152114842986, 0.7981152114842986, 0.7905786398940171, 0.7678529968746374, 0.7307258188987262, 0.6815353341249293, 0.6226197707118919, 0.5563173568182593, 0.4849663206026771, 0.4109048902237905, 0.3364712938402451, 0.2640037596106861, 0.19584051569375918, 0.13431979024810953, 0.08177981143238261, 0.04055880740522385, 0.01299500632527864, 0.0014266363511923905, 0.0, 0.0, 0.0, 0.0, 0.0, 0.0, 0.0, 0.0, 0.0, 0.0, 0.0, 0.0, 0.0, 0.0, 0.0, 0.0, 0.0, 0.0, 0.0, 0.0, 0.0, 0.0, 0.0, 0.0, 0.0, 0.0, 0.0, 0.0, 0.0, 0.0, 0.0, 0.0, 0.0, 0.0, 0.0, 0.0, 0.0, 0.0, 0.0, 0.0, 0.0, 0.0, 0.0, 0.0, 0.0, 0.0, 0.0, 0.0, 0.0, 0.0, 0.0, 0.0, 0.0, 0.0, 0.0, 0.0, 0.0
Green#2, 0.7718416365324422, 0.7718416365324422, 0.7718416365324422, 0.7718416365324422, 0.7718416365324422, 0.7718416365324422, 0.7718416365324422, 0.7718416365324422, 0.7718416365324422, 0.7718416365324422, 0.7718416365324422, 0.7718416365324422, 0.7718416365324422, 0.7718416365324422, 0.7718416365324422, 0.7718416365324422, 0.7718416365324422, 0.7718416365324422, 0.7658735154080482, 0.746307063888824, 0.7124687299707846, 0.6666197684484589, 0.6110214341163753, 0.5479349817690626, 0.4796216662010494, 0.4083427422068643, 0.33635946458103594, 0.265933088118093, 0.1993248676125641, 0.13879605785897786, 0.08660791365186293, 0.045021689785747956, 0.01629864105516158, 0.0027000222546324296, 0.0, 0.0, 0.0, 0.0, 0.0, 0.0, 0.0, 0.0, 0.0, 0.0, 0.0, 0.0, 0.0, 0.0, 0.0, 0.0, 0.0, 0.0, 0.0, 0.0, 0.0, 0.0, 0.0, 0.0, 0.0, 0.0, 0.0, 0.0, 0.0, 0.0, 0.0, 0.0, 0.0, 0.0, 0.0, 0.0, 0.0, 0.0, 0.0, 0.0, 0.0, 0.0, 0.0, 0.0, 0.0, 0.0, 0.0, 0.0, 0.0, 0.0, 0.0, 0.0, 0.0, 0.0, 0.0, 0.0, 0.0
Blue#2, 1.5902056220717697, 1.3012043951284795, 0.7644878308052261, 0.47548660386193586, 0.47548660386193586, 0.47548660386193586, 0.47548660386193586, 0.47548660386193586, 0.47548660386193586, 0.47548660386193586, 0.47548660386193586, 0.47548660386193586, 0.47548660386193586, 0.47548660386193586, 0.47548660386193586, 0.47548660386193586, 0.47548660386193586, 0.47548660386193586, 0.47548660386193586, 0.4729441005270884, 0.4629613309046954, 0.4438906329035654, 0.4171250336834502, 0.38405756040410166, 0.3460812402252715, 0.30458910030671144, 0.2609741678081733, 0.21662946988940873, 0.17294803371016965, 0.13132288643020773, 0.09314705520927474, 0.059813567207122484, 0.03271544958350271, 0.01324572949816718, 0.002797434110867659, 0.0, 0.0, 0.0, 0.0, 0.0, 0.0, 0.0, 0.0, 0.0, 0.0, 0.0, 0.0, 0.0, 0.0, 0.0, 0.0, 0.0, 0.0, 0.0, 0.0, 0.0, 0.0, 0.0, 0.0, 0.0, 0.0, 0.0, 0.0, 0.0, 0.0, 0.0, 0.0, 0.0, 0.0, 0.0, 0.0, 0.0, 0.0, 0.0, 0.0, 0.0, 0.0, 0.0, 0.0, 0.0, 0.0, 0.0, 0.0, 0.0, 0.0, 0.0, 0.0, 0.0, 0.0, 0.0, 0.0
Red#3, 1.3352955813406822, 1.3352955813406822, 1.3265656597675437, 1.3018941422782397, 1.2635583997179367, 1.213835802931801, 1.1550037227649992, 1.089339530062698, 1.0191205956700635, 0.9466242904322626, 0.8741279851944617, 0.8039090508018274, 0.738244858099526, 0.6794127779327243, 0.6296901811465885, 0.5908298983690498, 0.5600464282891872, 0.5359295622364593, 0.512612172791759, 0.48270888530586775, 0.4475642467027057, 0.408522803906193, 0.36692910384024946, 0.32389942424587026, 0.2805897418523854, 0.23840415206621696, 0.1987467502937871, 0.16302163194151806, 0.13263289241583198, 0.1089846271231511, 0.09348093146989751, 0.08695574845245466, 0.0851196702419717, 0.08340268899649304, 0.08186435319852083, 0.08056421133055722, 0.07956181187510436, 0.07891670331466441, 0.0786884341317395, 0.0786884341317395, 0.0786884341317395, 0.0786884341317395, 0.0786884341317395, 0.0786884341317395, 0.0786884341317395, 0.0786884341317395, 0.0786884341317395, 0.0786884341317395, 0.0786884341317395, 0.0786884341317395, 0.0786884341317395, 0.0786884341317395, 0.07838344018354806, 0.07752150076474619, 0.07618217951399252, 0.07444504006994566, 0.07238964607126427, 0.07009556115660699, 0.06764234896463243, 0.06510957313399923, 0.06257679730336604, 0.059953444742225186, 0.05713372127768498, 0.054204560454956946, 0.05130159915817033, 0.04856047427145432, 0.04611682267893813, 0.04410628126475099, 0.042332971751944455, 0.04054797343779769, 0.038807359567781245, 0.03716720338736573, 0.03568357814202172, 0.034412557077219776, 0.033410213438430494, 0.03236885385978349, 0.031044048733902485, 0.02940183176012276, 0.027329943669441706, 0.02487847302779618, 0.022142315472927308, 0.0192163666425762, 0.016195522174483973, 0.013174677706391748, 0.01024872887604064, 0.0075125713211717645, 0.0050611006795262415, 0.0029892125888451864, 0.0013918026868697164, 3.6376661134094863E-4, 0.0
Green#3, 1.276634376416366, 1.2763065628927703, 1.2676797235780395, 1.2444781669548943, 1.2087962121490192, 1.1627281782860972, 1.1083683844918129, 1.0478111498918496, 0.9831507936118913, 0.9164816347776219, 0.8498979925147252, 0.7854941859488853, 0.7253645342057856, 0.6716033564111105, 0.6263049716905433, 0.590508058091019, 0.561273351383092, 0.5371764489458241, 0.5128893308473041, 0.48207258897634236, 0.4460872250132749, 0.406294240638438, 0.36402464297519826, 0.32061465559161273, 0.2774331048350531, 0.23584881705289107, 0.19723061859249824, 0.1629473358012463, 0.13436779502650686, 0.11286082261565163, 0.09979524491605224, 0.09539245231991811, 0.09516684108706096, 0.09496470385531032, 0.09479386529170172, 0.09466215006327065, 0.09457738283705265, 0.0945473882800832, 0.0945473882800832, 0.0945473882800832, 0.0945473882800832, 0.0945473882800832, 0.0945473882800832, 0.0945473882800832, 0.0945473882800832, 0.0945473882800832, 0.0945473882800832, 0.0945473882800832, 0.0945473882800832, 0.0945473882800832, 0.0945473882800832, 0.09436760077741028, 0.0937379501232439, 0.09260492196087175, 0.09104712751827376, 0.0891431780234299, 0.0869716847043201, 0.08461125878892427, 0.08214051150522238, 0.07963805408119436, 0.07718249774482012, 0.074628209728547, 0.07178203811449056, 0.06870962108531511, 0.06557063824333347, 0.06252476919085838, 0.059731693530202606, 0.05715566966512142, 0.05459756302290862, 0.05201688643998021, 0.04949470829066901, 0.04711209694930785, 0.04495012079022955, 0.04308984818776696, 0.041612347516252896, 0.040148980802745544, 0.03840931987382911, 0.03634800432972043, 0.033786633395243085, 0.03075600366360959, 0.02737342983410898, 0.023756226606030294, 0.02002170867866257, 0.016287190751294846, 0.012669987523216157, 0.009287413693715548, 0.006256783962082053, 0.0036954130276047126, 0.0017206155895725646, 4.4970634727464754E-4, 0.0
Blue#3, 1.396022160050037, 1.3873689251125934, 1.3629141307241652, 1.324915142520608, 1.2756293261377762, 1.2173140472115247, 1.1522266713777087, 1.0826245642721828, 1.010765091530802, 0.9389056187894211, 0.8693035116838953, 0.8042161358500792, 0.7459008569238278, 0.696615040540996, 0.6586160523374386, 0.628921127603699, 0.6054588286468966, 0.5824478214783546, 0.5526018616854932, 0.5172879397931762, 0.4778730463262676, 0.43572417180963124, 0.392208306768131, 0.3486924417266308, 0.30593860623933233, 0.2648140404640309, 0.2268435508309804, 0.19355194377043494, 0.16646402571264843, 0.1471046030878749, 0.13699848232636835, 0.13197467600478321, 0.12695086968319808, 0.12208487926700307, 0.11753452066158826, 0.11345760977234379, 0.11001196250465974, 0.1072858936273258, 0.10537980506332303, 0.10446964344932863, 0.10407378914956096, 0.10360541192464501, 0.10308264250586785, 0.10252361162451656, 0.1019464500118782, 0.10136928839923984, 0.10081025751788854, 0.1002874880991114, 0.09981911087419544, 0.09942325657442777, 0.09906277560052394, 0.09835578157682011, 0.09704210166034553, 0.09517118214977423, 0.09278038218958884, 0.08997656206087243, 0.08686658204470808, 0.08355730242217886, 0.08015558347436783, 0.07676828548235805, 0.0735022687272326, 0.0702741386224239, 0.06690979800641476, 0.06346347724826817, 0.06012396147576373, 0.057080035816680995, 0.054460398082960944, 0.051998968260669506, 0.049423320449589594, 0.0468153794964177, 0.04425707024785035, 0.041830317550584, 0.03961704625131517, 0.037699181196740365, 0.036158647233556086, 0.0346908896788822, 0.03305856768106934, 0.031237628064474554, 0.029036375091668655, 0.02643183913147847, 0.023524840930750066, 0.020416201236329524, 0.017206740795062906, 0.01399728035379629, 0.010888640659375745, 0.007981642458647345, 0.005377106498457158, 0.003175853525651259, 0.0014787042870757184, 3.864795295766082E-4, 0.0
Red#4, 1.1654671542463326, 1.1654671542463326, 1.1654671542463326, 1.1654671542463326, 1.1654671542463326, 1.1654671542463326, 1.1654671542463326, 1.1654671542463326, 1.1654671542463326, 1.1654671542463326, 1.1654671542463326, 1.1654671542463326, 1.1654671542463326, 1.1654671542463326, 1.1654671542463326, 1.1654671542463326, 1.1654671542463326, 1.1654671542463326, 1.1654671542463326, 1.1654671542463326, 1.1654671542463326, 1.1654671542463326, 1.1654671542463326, 1.1654671542463326, 1.1654671542463326, 1.1654671542463326, 1.1570088855645064, 1.1328906515768042, 1.0951418183465937, 1.046024829319022, 0.9855288718226765, 0.9140384820759814, 0.8344091268588383, 0.7494962729511486, 0.6621553871328136, 0.575241936183735, 0.491611386883814, 0.414119206012952, 0.3456208603510506, 0.28897181667801103, 0.24637012186254564, 0.21914957767358512, 0.20033499008543382, 0.18231075726484242, 0.1658822536793031, 0.1520692849875449, 0.13942072628681956, 0.12609010378454247, 0.11250419980468807, 0.09890709374392341, 0.08557463942105586, 0.07294118662132247, 0.06128557514551102, 0.05095848330894737, 0.04248720125730361, 0.0363990191362518, 0.03250664023147568, 0.029444761107822202, 0.02633531058960934, 0.023278796498534697, 0.020347864709926018, 0.01754365219118727, 0.014901746233735235, 0.012542313057043392, 0.010595424790897505, 0.008992563426705633, 0.007633436533735401, 0.00655687398687919, 0.0056181209312139565, 0.004684258790909385, 0.0037848518740536477, 0.00294946448873492, 0.0022076609430413726, 0.00158900554506118, 0.0011230626028825152, 8.312186987151123E-4, 7.059979036499209E-4, 6.609735829573065E-4, 6.143961007801106E-4, 5.592853394254132E-4, 4.977746186875896E-4, 4.3199725836101524E-4, 3.6408657824006554E-4, 2.9617589811911584E-4, 2.3039853779254147E-4, 1.688878170547179E-4, 1.1377705570002049E-4, 6.71995735228246E-5, 3.1288690317505635E-5, 8.177725878438972E-6, 0.0
Green#4, 1.1117720798647865, 1.1117720798647865, 1.1117720798647865, 1.1117720798647865, 1.1117720798647865, 1.1117720798647865, 1.1117720798647865, 1.1117720798647865, 1.1117720798647865, 1.1117720798647865, 1.1117720798647865, 1.1117720798647865, 1.1117567521965595, 1.111713434873309, 1.1116461264171817, 1.1115588253503235, 1.1114555301948803, 1.1113402394729988, 1.1112169517068249, 1.1110896654185047, 1.1109623791301846, 1.1108390913640107, 1.110723800642129, 1.110620505486686, 1.1105332044198277, 1.1018686287215433, 1.0775286865835028, 1.0397601418953704, 0.9907930980378694, 0.9328549927102918, 0.8668688589972511, 0.7930358891838106, 0.7131572209855748, 0.6300680784849371, 0.5466036857642911, 0.4655992669060305, 0.38989004599254884, 0.3223112471062398, 0.265698094329497, 0.2228858117447139, 0.19613378072922977, 0.17786471120246033, 0.15973500212412778, 0.1426417569975542, 0.12748207932606148, 0.1151530726129717, 0.10496449291669113, 0.09488372514360482, 0.08421690200468446, 0.07333602626669178, 0.06261310069638851, 0.052420128060536364, 0.04312911112589708, 0.0351120526592324, 0.02856638039275197, 0.023718433625403622, 0.020358643198430136, 0.017535431429921762, 0.014770113374792332, 0.012175966405283395, 0.00986626789363649, 0.007954295212093168, 0.006387178088262926, 0.00497095202827036, 0.003646186675566551, 0.0024588014240788493, 0.0014547156677346051, 6.798488004611677E-4, 1.8012021618588717E-4, 1.4493088361136143E-6, 0.0, 0.0, 0.0, 0.0, 0.0, 0.0, 0.0, 0.0, 0.0, 0.0, 0.0, 0.0, 0.0, 0.0, 0.0, 0.0, 0.0, 0.0, 0.0, 0.0, 0.0
Blue#4, 1.0712563038724978, 1.0712563038724978, 1.0712563038724978, 1.0712563038724978, 1.0712563038724978, 1.0712563038724978, 1.0712563038724978, 1.0712563038724978, 1.0712563038724978, 1.0712563038724978, 1.071182262371784, 1.070973014652375, 1.0706478758883704, 1.0702261612538695, 1.0697271859229713, 1.0682843268478244, 1.0611389744280366, 1.0451991584809983, 1.0217708031339403, 0.9921598325140931, 0.9576721707486883, 0.9196137419649562, 0.8792904702901277, 0.838008279851434, 0.7927495484625695, 0.7403847948226561, 0.6825537872469403, 0.6218223088033483, 0.5608301840605202, 0.5022172375870961, 0.4475502090911665, 0.3974827931403282, 0.3493068829354283, 0.3006452253600117, 0.2531666300626766, 0.20853990669202122, 0.16832867016664732, 0.13408778607278624, 0.1074911654106692, 0.09024211490663846, 0.07934443442449653, 0.0699894699291633, 0.061189361816398925, 0.053017238024781276, 0.045952405014322545, 0.04047416924503494, 0.035895440589377305, 0.031193926915479002, 0.026396648383967162, 0.02166731742176416, 0.01716964645579238, 0.0130673479129742, 0.00940979212240978, 0.0061986589514368634, 0.003536119681211902, 0.0015513896609133356, 3.7368423971960413E-4, 0.0, 0.0, 0.0, 0.0, 0.0, 0.0, 0.0, 0.0, 0.0, 0.0, 0.0, 0.0, 0.0, 0.0, 0.0, 0.0, 0.0, 0.0, 0.0, 0.0, 0.0, 0.0, 0.0, 0.0, 0.0, 0.0, 0.0, 0.0, 0.0, 0.0, 0.0, 0.0, 0.0, 0.0
Red#5, 1.676950254055484, 1.2296706308552217, 0.7823910076549595, 0.7823910076549595, 0.7823910076549595, 0.7823910076549595, 0.7817197259317586, 0.7798226254096695, 0.7768748230599617, 0.7730514358539051, 0.7685275807627694, 0.7634783747578244, 0.7580789348103398, 0.7461458008275615, 0.7226013522061308, 0.6892794651514104, 0.6480140158687636, 0.600270777047298, 0.5475795393789485, 0.49187020607331877, 0.4350726803400121, 0.3791168653886319, 0.3242285856670105, 0.2704753315557209, 0.21969173760290622, 0.1739418455170794, 0.13528969700675336, 0.1057993337804411, 0.08753479754665552, 0.07564863320518782, 0.06418754616643374, 0.05355681890481299, 0.04411633852090851, 0.035675993663178855, 0.02805843791091813, 0.02162592920976203, 0.01674072550534623, 0.013765084743306429, 0.012002107570567763, 0.010356022305892009, 0.008668776837195507, 0.00699337363993469, 0.005382815189565995, 0.003890103961545854, 0.002568242431330703, 0.001470233074376977, 6.490783661411099E-4, 1.5778078207953655E-4, 0.0, 0.0, 0.0, 0.0, 0.0, 0.0, 0.0, 0.0, 0.0, 0.0, 0.0, 0.0, 0.0, 0.0, 0.0, 0.0, 0.0, 0.0, 0.0, 0.0, 0.0, 0.0, 0.0, 0.0, 0.0, 0.0, 0.0, 0.0, 0.0, 0.0, 0.0, 0.0, 0.0, 0.0, 0.0, 0.0, 0.0, 0.0, 0.0, 0.0, 0.0, 0.0, 0.0
Green#5, 1.443204546509231, 1.1128032890395094, 0.7660067484466468, 0.7468789181363156, 0.7468789181363156, 0.7468789181363156, 0.7465557234611495, 0.7456423472052455, 0.7442231010229945, 0.7423822965687878, 0.7402042454970166, 0.737773259462072, 0.7347221494842957, 0.7247165503310009, 0.7029642840851945, 0.6712445838107831, 0.6313366825716742, 0.5847008704567423, 0.5327450960214573, 0.47724273451187005, 0.4200843458228239, 0.36272817882367847, 0.3058789241103205, 0.2507380015784251, 0.19934898692892186, 0.1537554558627403, 0.11600098408081007, 0.08812914728406061, 0.07169275961467232, 0.061594702384525, 0.051909147671624085, 0.04279363948698876, 0.03465476799886919, 0.02755474482706132, 0.021383128599085244, 0.016329671373686735, 0.012691935086500248, 0.010297578384591567, 0.00838011425876723, 0.006522332944502814, 0.004784468916955104, 0.0032267566512808868, 0.0019094306226369471, 8.9272530618007E-4, 2.3687517706704142E-4, 2.114710454646696E-6, 0.0, 0.0, 0.0, 0.0, 0.0, 0.0, 0.0, 0.0, 0.0, 0.0, 0.0, 0.0, 0.0, 0.0, 0.0, 0.0, 0.0, 0.0, 0.0, 0.0, 0.0, 0.0, 0.0, 0.0, 0.0, 0.0, 0.0, 0.0, 0.0, 0.0, 0.0, 0.0, 0.0, 0.0, 0.0, 0.0, 0.0, 0.0, 0.0, 0.0, 0.0, 0.0, 0.0, 0.0, 0.0
Blue#5, 0.594202386597162, 0.594202386597162, 0.594202386597162, 0.594202386597162, 0.594202386597162, 0.594202386597162, 0.594202386597162, 0.594202386597162, 0.594202386597162, 0.594202386597162, 0.594202386597162, 0.5884825308065507, 0.5715888800628084, 0.5444114846976812, 0.5086326134132533, 0.4659345349116085, 0.4179995178948309, 0.36650983106500434, 0.31314774312421273, 0.2595955227745401, 0.20753543871807048, 0.1586497596568877, 0.11462075429307578, 0.07713069132871865, 0.04786183946590028, 0.02849646740670462, 0.020716843853215625, 0.019988002952505038, 0.019988002952505038, 0.019988002952505038, 0.019988002952505038, 0.019988002952505038, 0.019988002952505038, 0.019988002952505038, 0.019988002952505038, 0.019988002952505038, 0.019988002952505038, 0.019988002952505038, 0.019988002952505038, 0.019988002952505038, 0.019988002952505038, 0.019988002952505038, 0.019988002952505038, 0.019988002952505038, 0.019988002952505038, 0.019988002952505038, 0.019988002952505038, 0.019988002952505038, 0.019988002952505038, 0.019988002952505038, 0.019988002952505038, 0.019988002952505038, 0.019988002952505038, 0.019988002952505038, 0.019988002952505038, 0.019988002952505038, 0.019988002952505038, 0.019988002952505038, 0.019988002952505038, 0.019988002952505038, 0.019988002952505038, 0.019988002952505038, 0.019988002952505038, 0.019988002952505038, 0.019988002952505038, 0.019988002952505038, 0.019988002952505038, 0.019988002952505038, 0.019988002952505038, 0.019988002952505038, 0.019988002952505038, 0.019988002952505038, 0.019988002952505038, 0.019988002952505038, 0.019988002952505038, 0.019763528309972023, 0.019129143450639586, 0.01814340697690765, 0.016864877491176124, 0.015352113595844935, 0.01366367389331399, 0.011858116985983214, 0.009994001476252519, 0.008129885966521824, 0.006324329059191047, 0.004635889356660104, 0.003123125461328912, 0.0018445959755973888, 8.588595018654509E-4, 2.2447464253301557E-4, 0.0
Red#6, 1.1233371110609747, 0.894542738082287, 0.5455699588693839, 0.40191161980135304, 0.3932861236477376, 0.38324918266898517, 0.37227127847347463, 0.3608228926695851, 0.3493745068656956, 0.3383966026701851, 0.32835966169143266, 0.3197341655378173, 0.312990595817718, 0.3085994341395138, 0.3070311621115837, 0.3066907896369902, 0.3026211360294056, 0.2923437377370387, 0.2767581001176383, 0.2567637285289532, 0.23326012832873216, 0.20714680487472392, 0.17932326352467734, 0.1506890096363412, 0.12214354856746418, 0.09458638567579516, 0.06891702631908286, 0.046034975855076106, 0.026839739641523655, 0.012230823036174286, 0.003107731396776786, 0.0, 0.0, 0.0, 0.0, 0.0, 0.0, 0.0, 0.0, 0.0, 0.0, 0.0, 0.0, 0.0, 0.0, 0.0, 0.0, 0.0, 0.0, 0.0, 0.0, 0.0, 0.0, 0.0, 0.0, 0.0, 0.0, 0.0, 0.0, 0.0, 0.0, 0.0, 0.0, 0.0, 0.0, 0.0, 0.0, 0.0, 0.0, 0.0, 0.0, 0.0, 0.0, 0.0, 0.0, 0.0, 0.0, 0.0, 0.0, 0.0, 0.0, 0.0, 0.0, 0.0, 0.0, 0.0, 0.0, 0.0, 0.0, 0.0, 0.0
Green#6, 1.1133041826918775, 0.9101165350824537, 0.5320839064884546, 0.3265017682612887, 0.3225309046535328, 0.31796141839134134, 0.3130327585364886, 0.30798437415074875, 0.30305571429589595, 0.29848622803370456, 0.29451536442594867, 0.2913825725344026, 0.2893273014208405, 0.28858900014703665, 0.28858900014703665, 0.28808985640932, 0.28393738679270103, 0.27399679948134337, 0.2591135700616151, 0.24013317411988472, 0.21790108724252027, 0.1932627850158902, 0.16706374302636273, 0.14014943686030606, 0.11336534210408858, 0.08755693434407845, 0.06356968916664402, 0.04224908215815351, 0.02444058890497523, 0.010989684993477428, 0.0027418460100283835, 0.0, 0.0, 0.0, 0.0, 0.0, 0.0, 0.0, 0.0, 0.0, 0.0, 0.0, 0.0, 0.0, 0.0, 0.0, 0.0, 0.0, 0.0, 0.0, 0.0, 0.0, 0.0, 0.0, 0.0, 0.0, 0.0, 0.0, 0.0, 0.0, 0.0, 0.0, 0.0, 0.0, 0.0, 0.0, 0.0, 0.0, 0.0, 0.0, 0.0, 0.0, 0.0, 0.0, 0.0, 0.0, 0.0, 0.0, 0.0, 0.0, 0.0, 0.0, 0.0, 0.0, 0.0, 0.0, 0.0, 0.0, 0.0, 0.0, 0.0
Blue#6, 1.0858579970626498, 0.9116882564222526, 0.5881076710822967, 0.4135091959146355, 0.4127982111569226, 0.4119800427673937, 0.4110975641987752, 0.41019364890379345, 0.40931117033517495, 0.40849300194564603, 0.40778201718793317, 0.4072210895147627, 0.406853092378861, 0.4067208992329546, 0.4067208992329546, 0.4067208992329546, 0.40460174944175303, 0.3961643313003165, 0.37993877890224037, 0.35711665738199627, 0.32888953187405573, 0.2964489675128903, 0.26098652943297146, 0.22369378276877083, 0.1857622926547599, 0.1483836242254103, 0.11274934261519348, 0.08005101295858107, 0.051480200390044556, 0.02822847004405552, 0.011487387055085493, 0.0024485165576060256, 0.0, 0.0, 0.0, 0.0, 0.0, 0.0, 0.0, 0.0, 0.0, 0.0, 0.0, 0.0, 0.0, 0.0, 0.0, 0.0, 0.0, 0.0, 0.0, 0.0, 0.0, 0.0, 0.0, 0.0, 0.0, 0.0, 0.0, 0.0, 0.0, 0.0, 0.0, 0.0, 0.0, 0.0, 0.0, 0.0, 0.0, 0.0, 0.0, 0.0, 0.0, 0.0, 0.0, 0.0, 0.0, 0.0, 0.0, 0.0, 0.0, 0.0, 0.0, 0.0, 0.0, 0.0, 0.0, 0.0, 0.0, 0.0, 0.0
Red#7, 1.3131779822563308, 1.3131779822563308, 1.3131779822563308, 1.3131779822563308, 1.3131779822563308, 1.3131779822563308, 1.3131779822563308, 1.3131779822563308, 1.3131779822563308, 1.3131779822563308, 1.3131779822563308, 1.3131779822563308, 1.3050200268096663, 1.2753752864837091, 1.2209283006089449, 1.1455262703052653, 1.053016396692562, 0.9472458808907265, 0.8320619240196504, 0.7113117271992254, 0.5888424915493431, 0.4685014181898948, 0.35413570824077245, 0.24959256282186743, 0.15871918305307142, 0.085362770054276, 0.033370524945372765, 0.006589648846253304, 0.0, 0.0, 0.0, 0.0, 0.0, 0.0, 0.0, 0.0, 0.0, 0.0, 0.0, 0.0, 0.0, 0.0, 0.0, 0.0, 0.0, 0.0, 0.0, 0.0, 0.0, 0.0, 0.0, 0.0, 0.0, 0.0, 0.0, 0.0, 0.0, 0.0, 0.0, 0.0, 0.0, 0.0, 0.0, 0.0, 0.0, 0.0, 0.0, 0.0, 0.0, 0.0, 0.0, 0.0, 0.0, 0.0, 0.0, 0.0, 0.0, 0.0, 0.0, 0.0, 0.0, 0.0, 0.0, 0.0, 0.0, 0.0, 0.0, 0.0, 0.0, 0.0, 0.0
Green#7, 1.3173152120336107, 1.3173152120336107, 1.3173152120336107, 1.3173152120336107, 1.3173152120336107, 1.3173152120336107, 1.3173152120336107, 1.3173152120336107, 1.3173152120336107, 1.3173152120336107, 1.3173152120336107, 1.3173152120336107, 1.3025211447109677, 1.2607118240165416, 1.195746571860587, 1.111484710153359, 1.011785560805112, 0.900508445726101, 0.7815126868265806, 0.6586576060168053, 0.5358025252070301, 0.4168067663075096, 0.30552965122849857, 0.20583050188025168, 0.12156864017302364, 0.05660338801706921, 0.014794067322643089, 0.0, 0.0, 0.0, 0.0, 0.0, 0.0, 0.0, 0.0, 0.0, 0.0, 0.0, 0.0, 0.0, 0.0, 0.0, 0.0, 0.0, 0.0, 0.0, 0.0, 0.0, 0.0, 0.0, 0.0, 0.0, 0.0, 0.0, 0.0, 0.0, 0.0, 0.0, 0.0, 0.0, 0.0, 0.0, 0.0, 0.0, 0.0, 0.0, 0.0, 0.0, 0.0, 0.0, 0.0, 0.0, 0.0, 0.0, 0.0, 0.0, 0.0, 0.0, 0.0, 0.0, 0.0, 0.0, 0.0, 0.0, 0.0, 0.0, 0.0, 0.0, 0.0, 0.0, 0.0
Blue#7, 1.2333722751458467, 1.2333722751458467, 1.2333722751458467, 1.2333722751458467, 1.2333722751458467, 1.2333722751458467, 1.2333722751458467, 1.2333722751458467, 1.2333722751458467, 1.2333722751458467, 1.2333722751458467, 1.2293204812963703, 1.2080702046041842, 1.1625831502504724, 1.0964727135725758, 1.013352289907836, 0.9168352745935942, 0.8105350629671918, 0.6980650503659701, 0.5830386321272706, 0.4690692035884344, 0.3597701600868031, 0.2587548969597179, 0.16963680954452015, 0.09602929317855124, 0.041545743199152524, 0.009799554943665321, 0.0, 0.0, 0.0, 0.0, 0.0, 0.0, 0.0, 0.0, 0.0, 0.0, 0.0, 0.0, 0.0, 0.0, 0.0, 0.0, 0.0, 0.0, 0.0, 0.0, 0.0, 0.0, 0.0, 0.0, 0.0, 0.0, 0.0, 0.0, 0.0, 0.0, 0.0, 0.0, 0.0, 0.0, 0.0, 0.0, 0.0, 0.0, 0.0, 0.0, 0.0, 0.0, 0.0, 0.0, 0.0, 0.0, 0.0, 0.0, 0.0, 0.0, 0.0, 0.0, 0.0, 0.0, 0.0, 0.0, 0.0, 0.0, 0.0, 0.0, 0.0, 0.0, 0.0, 0.0

